first_name,last_name,email,gender,ip_address
Bastien,Fownes,bfownes0@cyberchimps.com,Male,39.247.168.153
Woodman,Pashenkov,wpashenkov1@ibm.com,Male,242.79.217.86
Alyssa,Blanpein,ablanpein2@ezinearticles.com,Female,REPLACE ME
Thaddeus,Sutherns,tsutherns3@usnews.com,Male,45.235.176.116
Raff,Coxwell,rcoxwell4@over-blog.com,Male,208.17.59.94
Krista,Brosoli,kbrosoli5@xing.com,Female,162.37.52.30
Editha,Messenbird,emessenbird6@china.com.cn,Female,233.8.126.15
Courtenay,Fibbings,cfibbings7@illinois.edu,Female,233.6.228.111
Wildon,Eykel,weykel8@sfgate.com,Male,34.176.236.202
Walliw,Bibbie,wbibbie9@hugedomains.com,Female,59.149.192.29
Catha,Bartels,cbartelsa@amazonaws.com,Female,220.160.157.156
Mathe,Hargess,mhargessb@myspace.com,Male,91.35.46.90
Kessia,Barnsdall,REPLACE ME,Female,197.33.99.204
Hi,Pepperd,hpepperdd@usda.gov,Male,18.177.126.81
Joannes,Alywen,jalywene@ted.com,Female,121.73.127.8
Jillie,Rooze,jroozef@cnet.com,Female,33.122.252.34
Hyacintha,Ridd,hriddg@cyberchimps.com,Female,185.95.80.127
Garfield,Langdridge,glangdridgeh@google.ru,Male,246.6.78.131
Morley,Beggio,mbeggioi@trellian.com,Male,136.60.128.38
Alf,Elwell,aelwellj@mlb.com,Male,110.242.148.225
Tiena,Arch,tarchk@usatoday.com,Female,46.173.78.60
Sianna,Marven,smarvenl@pinterest.com,Female,30.134.126.7
Tom,McGilben,tmcgilbenm@shinystat.com,Male,241.178.122.88
Vincent,Hilling,vhillingn@flickr.com,Male,175.18.237.148
Vivyanne,Bresnen,vbresneno@cnn.com,Female,153.76.63.23
Timmie,REPLACE ME,tbednellp@opera.com,Female,167.37.162.181
Vilma,Setterthwait,vsetterthwaitq@edublogs.org,Female,166.188.19.12
Shalom,Aindriu,saindriur@cisco.com,Male,187.176.159.102
Shaina,Sends,ssendss@discovery.com,Female,124.236.95.92
Geraldine,Rickersy,grickersyt@yahoo.com,Female,82.160.184.78
Gearard,Renne,grenneu@ibm.com,Male,180.98.18.169
Linnie,Remington,lremingtonv@salon.com,Female,191.167.183.62
Meredith,Hallgate,mhallgatew@geocities.com,Male,16.181.187.148
Alasdair,Walby,awalbyx@ycombinator.com,Male,162.66.142.89
Valdemar,Greiswood,vgreiswoody@csmonitor.com,Male,233.205.59.79
Jess,Gurg,jgurgz@baidu.com,Female,110.126.160.247
Linus,Raise,lraise10@uol.com.br,Male,194.89.255.60
Hildagard,Cornier,hcornier11@redcross.org,Female,44.128.96.183
Aldridge,Red,ared12@skyrock.com,Male,152.55.5.253
Briano,Zahor,bzahor13@ihg.com,Male,16.23.26.41
Cati,Nornable,cnornable14@chronoengine.com,Female,16.56.218.103
Farica,Janks,fjanks15@chronoengine.com,Female,10.11.161.51
Sanford,Quick,squick16@twitpic.com,Male,160.7.38.17
Barby,Cathrall,bcathrall17@biblegateway.com,Female,219.172.188.143
Joell,Baxendale,jbaxendale18@simplemachines.org,Female,156.242.134.72
Vaughan,Bonner,vbonner19@ucoz.ru,Male,234.246.78.238
REPLACE ME,Grimestone,bgrimestone1a@paypal.com,Male,223.200.160.117
Mitchel,Goulstone,mgoulstone1b@feedburner.com,Male,126.68.154.29
Guido,Hurring,ghurring1c@newsvine.com,Male,50.123.130.136
Stanford,Gentreau,sgentreau1d@nhs.uk,Male,75.70.74.122
